cohort_year,avg_sip_amount,total_invested,num_investors
2024,10996.885825361911,2258062304,4803
2025,13505.209580838324,18992635,197
