,year,active_sip_accounts_crore,yoy_growth_pct
0,2022,6.05,
1,2023,7.1,17.355371900826434
2,2024,8.5,19.718309859154925
3,2025,9.35,9.999999999999986
